{"is_source_file": true, "format": "JavaScript (React component)", "description": "This file defines a React functional component named 'App' that manages a theme toggle between light and dark modes. It includes state management with useState, side effects with useEffect to apply theme changes, and renders a UI with a button to toggle themes along with some static content.", "external_files": ["./logo.svg", "./App.css"], "external_methods": ["React.useState", "React.useEffect"], "published": ["App"], "classes": [], "methods": [{"name": "toggleTheme", "description": "Function to toggle between 'light' and 'dark' themes upon button click."}, {"name": "App()", "scope": "", "scopeKind": "", "description": "unavailable"}], "calls": ["document.documentElement.setAttribute", "setTheme", "prevTheme => prevTheme === 'light' ? 'dark' : 'light'", "React.useState", "React.useEffect"], "search-terms": ["React theme toggle", "useState theme app", "useEffect theme switch", "App.js React", "theme toggle button"], "state": 2, "file_id": 5, "knowledge_revision": 24, "git_revision": "90465f894aceb6fcef972d0d65e94e3a90876305", "ctags": [{"_type": "tag", "name": "App", "path": "/home/kavia/workspace/code-generation/digitalt3-learning-platform-313463-313473/lms_frontend/src/App.js", "pattern": "/^function App() {$/", "language": "JavaScript", "kind": "function", "signature": "()"}, {"_type": "tag", "name": "Switch to ${theme === 'light' ? 'dark' : 'light'} mode", "path": "/home/kavia/workspace/code-generation/digitalt3-learning-platform-313463-313473/lms_frontend/src/App.js", "pattern": "/^          aria-label={`Switch to ${theme === 'light' ? 'dark' : 'light'} mode`}$/", "language": "JavaScript", "kind": "field", "scope": "App.aria", "scopeKind": "class"}, {"_type": "tag", "name": "toggleTheme", "path": "/home/kavia/workspace/code-generation/digitalt3-learning-platform-313463-313473/lms_frontend/src/App.js", "pattern": "/^          onClick={toggleTheme}$/", "language": "JavaScript", "kind": "field", "scope": "App.onClick", "scopeKind": "class"}], "hash": "b55dd9e6a018e59207d8e277dffd9e11", "format-version": 4, "code-base-name": "lms_frontend", "filename": "lms_frontend/src/App.js", "fields": [{"name": "aria-label={`Switch to ${theme === 'light' ? 'dark' : 'light'} mode`}", "scope": "App.aria", "scopeKind": "class", "description": "unavailable"}, {"name": "onClick={toggleTheme}", "scope": "App.onClick", "scopeKind": "class", "description": "unavailable"}], "revision_history": [{"24": "90465f894aceb6fcef972d0d65e94e3a90876305"}]}