{"is_source_file": false, "format": "", "description": "", "external_files": [], "external_methods": [], "published": [], "classes": [], "methods": [], "calls": [], "search-terms": [], "state": 2, "file_id": 2, "knowledge_revision": 14, "git_revision": "90465f894aceb6fcef972d0d65e94e3a90876305", "hash": "ebece526bc2eadd78ddd787a76c56607", "format-version": 4, "code-base-name": "lms_frontend", "filename": "lms_frontend/README.md", "revision_history": [{"14": "90465f894aceb6fcef972d0d65e94e3a90876305"}]}