{"is_source_file": true, "format": "JavaScript (React JSX)", "description": "Main entry point for a React application, initializing and rendering the root React component into the DOM.", "external_files": ["./App", "react", "react-dom/client", "./index.css"], "external_methods": ["ReactDOM.createRoot", "ReactDOM.createRoot().render"], "published": ["React", "ReactDOM"], "classes": [], "methods": [{"name": "ReactDOM.createRoot", "description": "Creates a root to manage rendering of React components into the DOM."}, {"name": "root.render", "description": "Renders React elements into the DOM at the specified root."}], "calls": ["ReactDOM.createRoot", "root.render", "React.StrictMode", "<App />"], "search-terms": ["React", "ReactDOM", "index.js", "main entry", "render"], "state": 2, "file_id": 8, "knowledge_revision": 25, "git_revision": "90465f894aceb6fcef972d0d65e94e3a90876305", "ctags": [{"_type": "tag", "name": "root", "path": "/home/kavia/workspace/code-generation/digitalt3-learning-platform-313463-313473/lms_frontend/src/index.js", "pattern": "/^const root = ReactDOM.createRoot(document.getElementById('root'));$/", "language": "JavaScript", "kind": "constant"}], "hash": "9fc5841375336fc175b49f8767a11383", "format-version": 4, "code-base-name": "lms_frontend", "filename": "lms_frontend/src/index.js", "revision_history": [{"25": "90465f894aceb6fcef972d0d65e94e3a90876305"}]}