{"is_source_file": false, "format": "", "description": "", "external_files": [], "external_methods": [], "published": [], "classes": [], "methods": [], "calls": [], "search-terms": [], "state": 2, "file_id": 3, "knowledge_revision": 16, "git_revision": "90465f894aceb6fcef972d0d65e94e3a90876305", "hash": "d001d53c059625c4bcf75bf5a7f3fcf0", "format-version": 4, "code-base-name": "lms_frontend", "filename": "lms_frontend/package.json", "revision_history": [{"16": "90465f894aceb6fcef972d0d65e94e3a90876305"}]}