{"is_source_file": false, "format": "", "description": "", "external_files": [], "external_methods": [], "published": [], "classes": [], "methods": [], "calls": [], "search-terms": ["index.html", "public", "HTML template", "React", "index"], "state": 2, "file_id": 11, "knowledge_revision": 22, "git_revision": "90465f894aceb6fcef972d0d65e94e3a90876305", "hash": "d2b40d02d5f7873d8a6713bad837edd4", "format-version": 4, "code-base-name": "lms_frontend", "filename": "lms_frontend/public/index.html", "revision_history": [{"22": "90465f894aceb6fcef972d0d65e94e3a90876305"}]}