{"is_source_file": true, "format": "JavaScript module (.mjs)", "description": "ESLint configuration file setting rules, parser options, and plugin integrations for a JavaScript/React project.", "external_files": ["@eslint/js", "eslint-plugin-react"], "external_methods": [], "published": [], "classes": [], "methods": [{"name": "default export", "description": "Array of ESLint configuration objects defining rules, parser options, and plugin settings."}], "calls": ["pluginJs", "pluginReact", "pluginJs.configs.recommended"], "search-terms": ["eslint", "eslint.config.mjs", "pluginJs", "pluginReact", "rules", "parserOptions", "JavaScript", "React", "ESLint"], "state": 2, "file_id": 10, "knowledge_revision": 21, "git_revision": "90465f894aceb6fcef972d0d65e94e3a90876305", "hash": "be6538e7523bc2e9da0743133d784136", "format-version": 4, "code-base-name": "lms_frontend", "filename": "lms_frontend/eslint.config.mjs", "revision_history": [{"21": "90465f894aceb6fcef972d0d65e94e3a90876305"}]}