{"is_source_file": false, "format": "", "description": "", "external_files": [], "external_methods": [], "published": [], "classes": [], "methods": [], "calls": [], "search-terms": [], "state": 2, "file_id": 9, "knowledge_revision": 17, "git_revision": "90465f894aceb6fcef972d0d65e94e3a90876305", "hash": "6c2104b8d219ed99234ae2d6329f4357", "format-version": 4, "code-base-name": "lms_frontend", "filename": "lms_frontend/src/index.css", "revision_history": [{"17": "90465f894aceb6fcef972d0d65e94e3a90876305"}]}