{"is_source_file": false, "format": "", "description": "", "external_files": [], "external_methods": [], "published": [], "classes": [], "methods": [], "calls": [], "search-terms": [], "state": 2, "file_id": 4, "knowledge_revision": 18, "git_revision": "90465f894aceb6fcef972d0d65e94e3a90876305", "ctags": [], "hash": "1a77571e1a8cf36018a41bcedf60db75", "format-version": 4, "code-base-name": "lms_frontend", "filename": "lms_frontend/src/setupTests.js", "revision_history": [{"18": "90465f894aceb6fcef972d0d65e94e3a90876305"}]}