{"is_source_file": false, "format": "", "description": "", "external_files": [], "external_methods": [], "published": [], "classes": [], "methods": [], "calls": [], "search-terms": [], "state": 2, "file_id": 12, "knowledge_revision": 20, "git_revision": "90465f894aceb6fcef972d0d65e94e3a90876305", "hash": "d9d975cebe2ec20b6c652e1e4c12ccf0", "format-version": 4, "code-base-name": "lms_frontend", "filename": "lms_frontend/public/manifest.json", "revision_history": [{"20": "90465f894aceb6fcef972d0d65e94e3a90876305"}]}