{"is_source_file": false, "format": "", "description": "", "external_files": [], "external_methods": [], "published": [], "classes": [], "methods": [], "calls": [], "search-terms": ["CSS variables", "theme management", ".App-header", ".theme-toggle", ":root", "[data-theme=\"dark\"]", "responsive design", "@media", "@keyframes"], "state": 2, "file_id": 6, "knowledge_revision": 19, "git_revision": "90465f894aceb6fcef972d0d65e94e3a90876305", "hash": "22f9e17cc1848b56dbb244518ac2707e", "format-version": 4, "code-base-name": "lms_frontend", "filename": "lms_frontend/src/App.css", "revision_history": [{"19": "90465f894aceb6fcef972d0d65e94e3a90876305"}]}