{"is_source_file": false, "format": "", "description": "", "external_files": [], "external_methods": [], "published": [], "classes": [], "methods": [], "calls": [], "search-terms": ["digitalt3-learning-platform", "README.md", "313463", "313473"], "state": 2, "file_id": 1, "knowledge_revision": 3, "git_revision": "112462eee03ecc734c40d9720c588f54a2c8d0b1", "hash": "c568941960335b974450a2c94960a3b5", "format-version": 4, "code-base-name": "lms_frontend", "filename": "README.md", "revision_history": [{"3": "112462eee03ecc734c40d9720c588f54a2c8d0b1"}]}